ORDER_NUMBER;VENDOR_ID;VENDOR_NAME;RETAIL_GROUP;ROUTE_LABEL;NET_TOTAL;CURRENCY;EMISION_DATE_PO;CATEGORY;MODE;MBL_NUMBER;CONTAINER_TYPE;CONTAINER_NUMBER;INCOTERMS;LOGISTICS_INCOTERM;PRICE_INCOTERM;DATE_BOOKING_REQUEST;DATE_BOOKING_AUTHORIZED;DATE_CARGA_PO;DATE_THEORICAL_LOAD;CARGA_LISTA_VALIDADA;DIF_LOAD_DATE;ETD_INITIAL_VALIDATED;DATE_ETD_INITIAL;DATE_ETD_UPDATED;DATE_ETD;ETD_DATES_DIFFERENCE;ETA_INICIAL;DATE_ETA_UPDATED;DATE_ETA;ETA_DATES_DIFFERENCE;CASE_NUMBER_FILE;CONSOLIDATOR_NAME;DEPARTURE_PORT;PORT_OF_LOADING_VALIDATED;ARRIVAL_PORT;CUSTOMS_DUA;RECEIPT_NOTE;RECEIPT_NOTE_DATE;FACTORY_PROFORMA_NUMBER;CARGO_INVOICE_NUMBER;FREIGHT_AMOUNT;SERVICE_PROVIDER;CBM;INVOICE;INVOICE_AMOUNT;FACTURA_MERCA;HAS_FACTURE_MERCA;VISIBILITY_NOTES;APPLIES_TLC;COMMENTS;APPLY_TECHNICAL_NOTE;APPLIES_AF;BONDED_WAREHOUSE_ENTER;BONDED_WAREHOUSE_EXIT;REASON;SHIPPING_LINE;FORWADER_DATE;CONTAINER_FREE_DAYS;TARIFF_TYPE;CUSTOMER_TYPE;TRADING_COMPANY;company_id;status;total_amount;ensurence_type;bill_to_id;kanban_status_id;ship_to_id
1103166;106;NINGBO BEDA  HOME DECORATION LTD;73;Directo CR - FERRETERIA EPA, S.A.;55,469.67;USD;04-09-24;;2;ASNGB414315;3;CMAU3404084;FOB  ;FOB  ;FOB  ;02-01-25;02-01-25;27-12-24;10-01-25;Y;14;Y;16-01-25;18-01-25;18-01-25;2;17-03-25;07-04-25;30-03-25;13;4483;HARMONY (Dropship CR);71;Y;125;-- N/A --;6,864;20-02-25;PI3CR;;6,625;1000001;;177477;55,469.67;177477;N;TO;Y;( 11/02/2025 11:02:25 - MIGUEL SANDOVAL: «ETA 05-04-2025» ) ( 07/03/2025 01:03:28 - FIORELA AVALOS: «NUEVO  ETA 18/04/2025» ) ( 02/04/2025 04:04:03 - FIORELA AVALOS: «ETA VARIABLE 07/04» );N;N;;;MIXTO;5;;14;0;EPA;OLO1;1;draft;0;pending;1;1;1
1103167;106;NINGBO BEDA  HOME DECORATION LTD;73;Directo CR - FERRETERIA EPA, S.A.;56,926.61;USD;04-09-24;;2;ASNGB500852;3;SEKU5668070;FOB  ;FOB  ;FOB  ;11-02-25;12-02-25;21-02-25;24-02-25;Y;3;Y;07-03-25;07-03-25;06-03-25;-1;06-05-25;16-05-25;16-05-25;10;4538;HARMONY (Dropship CR);71;Y;125;-- N/A --;6,906;20-03-25;PI4CR;;5,51;1000001;;177478;56,926.61;177478;N;TO;Y;( 18/03/2025 06:03:14 - MIGUEL SANDOVAL: «26-05-2025 ETA» ) ( 09/05/2025 09:05:58 - FIORELA AVALOS: «ETA VARIABLE 14/05» ) ( 16/05/2025 02:05:58 - FIORELA AVALOS: «ETA VARIABLE 16/05» );N;N;;;MIXTO;5;;14;0;EPA;OLO1;1;draft;0;pending;1;1;1
1103169;106;NINGBO BEDA  HOME DECORATION LTD;73;Directo SV - FERRETERIA EPA, S.A. DE C.V.;52,974.88;USD;04-09-24;;2;ASNGB414314;3;TGHU6892133;FOB  ;FOB  ;FOB  ;02-01-25;02-01-25;27-12-24;10-01-25;Y;14;Y;23-01-25;13-02-25;16-02-25;24;10-04-25;25-04-25;09-04-25;-1;4481;HARMONY (Dropship SV);71;Y;122;-- N/A --;6,843;13-02-25;PI6SV;;6,535;1000001;;177480;52,974.88;177480;N;TO;N;( 07/01/2025 01:01:16 - MIGUEL SANDOVAL: «Se ha modificado el puerto de arribo. De: no tener puerto a: ACAJUTLA, EL SALVADOR» ) ( 11/02/2025 11:02:47 - MIGUEL SANDOVAL: «NOTAR NUEVO ETD AL 13-02, DEBIDO A OMISIONES DE PUERTOS Y MALA INFORMACIÓN EN LA WEB, DEBIDO AL CNY. POR ESE MOTIVO SE ENVIÓ SALIDA ANTERIORMENTE.» ) ( 27/03/2025 05:03:07 - MIGUEL SANDOVAL: «ETA 22-04-2025» ) ( 02/04/2025 04:04:32 - FIORELA AVALOS: «ETA VARIABLE 25/04» );N;N;;;MIXTO;5;;14;0;EPA;OLO1;1;draft;0;pending;1;1;1
1103171;106;NINGBO BEDA  HOME DECORATION LTD;73;Directo GT - FERRETERIA EPA, S.A. (Guatemala);52,552.32;USD;04-09-24;;2;ASNGB414318;3;CMAU3657992;FOB  ;FOB  ;FOB  ;02-01-25;02-01-25;27-12-24;10-01-25;Y;14;Y;23-01-25;15-02-25;16-02-25;24;01-05-25;20-04-25;20-04-25;-11;4493;HARMONY (Dropship GT);71;Y;127;-- N/A --;6,854;18-02-25;PI8GT;;5,89;1000001;;177482;52,552.32;177482;N;TO;N;( 07/01/2025 01:01:03 - MIGUEL SANDOVAL: «Se ha modificado el puerto de arribo. De: no tener puerto a: QUETZAL, GUATEMALA» ) ( 19/02/2025 04:02:16 - MIGUEL SANDOVAL: «VALIDANDO ETA» ) ( 27/03/2025 12:03:55 - FIORELA AVALOS: «NUEVO ETA 07/04/2025» ) ( 02/04/2025 04:04:25 - FIORELA AVALOS: «ETA VARIABLE 14/04» ) ( 10/04/2025 01:04:18 - FIORELA AVALOS: «ETA VARIABLE 20/04» );N;N;;;MIXTO;5;;14;0;EPA;OLO1;1;draft;0;pending;1;1;1
1103174;106;NINGBO BEDA  HOME DECORATION LTD;73;Directo VE - FERRETERIA EPA, C.A.;51,075.07;USD;04-09-24;;2;SHPBL25001439;3;ECMU7466277;FOB  ;CIF  ;FOB  ;02-01-25;02-01-25;27-12-24;10-01-25;Y;14;Y;31-01-25;31-01-25;31-01-25;0;14-04-25;22-03-25;24-03-25;-21;4518;Harmony (Drop Ship EPA VE);71;Y;116;-- N/A --;6,885;10-03-25;PI11VE;IOLFT25-041;6,55;1000022;;177485;51,075.07;177485;N;TO;N;( 25/02/2025 08:02:45 - MIGUEL SANDOVAL: «Se ha modificado el puerto de arribo. De: no tener puerto a: PUERTO CABELLO, VENEZUELA» ) ( 10/03/2025 03:03:50 - FIORELA AVALOS: «ETA VARIABLE 16/03» ) ( 13/03/2025 11:03:20 - FIORELA AVALOS: «NUEVO ETA 18/03/2025» ) ( 20/03/2025 11:03:12 - FIORELA AVALOS: «ETA VARIABLE 22/03» );N;N;;;CNY;5;;14;1;EPA;OLO1;1;draft;0;pending;1;1;1
1103175;106;NINGBO BEDA  HOME DECORATION LTD;73;Directo VE - FERRETERIA EPA, C.A.;53,445.07;USD;04-09-24;;2;SHPBL25003087;3;MRKU4378712;FOB  ;CIF  ;FOB  ;13-02-25;14-02-25;21-02-25;21-02-25;Y;0;Y;11-03-25;15-03-25;15-03-25;4;20-05-25;23-04-25;29-04-25;-21;4576;Harmony (Drop Ship EPA VE);71;Y;116;-- N/A --;6,943;16-04-25;PI12VE;IOLFT25-115;5,1;1000022;;177486;53,445.07;177486;N;TO;N;( 15/04/2025 04:04:38 - MIGUEL SANDOVAL: «Se ha modificado el puerto de arribo. De: no tener puerto a: PUERTO CABELLO, VENEZUELA» ) ( 15/04/2025 04:04:55 - MIGUEL SANDOVAL: «ETA 23-04» );N;N;;;CNY;1;;14;0;EPA;OLO1;1;draft;0;pending;1;1;1
1103220;29;LUMICENTRO INTERNACIONAL, INC ;71;Directo CR - FERRETERIA EPA, S.A.;45,949;USD;01-10-24;;2;ASSZX501264;3;CMAU3427623;FOB  ;FOB  ;FOB  ;12-02-25;12-02-25;28-11-24;14-02-25;Y;78;Y;23-02-25;22-02-25;22-02-25;-1;24-05-25;16-05-25;16-05-25;-8;4508;HARMONY (Dropship CR);92;Y;125;-- N/A --;6,874;03-03-25;ARR015;;6,34;1000001;;15362;45,949;15362;N;TO;Y;( 28/02/2025 02:02:27 - MIGUEL SANDOVAL: «Se ha modificado el puerto de embarque. De: no tener puerto a: SHEKOU, CHINA» ) ( 09/05/2025 09:05:31 - FIORELA AVALOS: «ETA VARIABLE 14/05» ) ( 16/05/2025 02:05:36 - FIORELA AVALOS: «ETA VARIABLE 16/05» );Y;N;;;PEDIDO COMPRA;5;28-01-25;14;0;EPA;OLO1;1;draft;0;pending;1;1;1
1103221;29;LUMICENTRO INTERNACIONAL, INC ;71;Directo CR - FERRETERIA EPA, S.A.;79,758.07;USD;01-10-24;;2;ASSZX501296;3;TCNU5617578;FOB  ;FOB  ;FOB  ;12-02-25;12-02-25;28-11-24;10-02-25;Y;74;Y;03-03-25;02-03-25;24-02-25;-7;29-04-25;16-05-25;16-05-25;17;4539;HARMONY (Dropship CR);47;Y;125;-- N/A --;6,913;20-03-25;ARR016;;6,735;1000001;;15372;79,758.07;15372;N;TO;Y;( 18/03/2025 06:03:21 - MIGUEL SANDOVAL: «ETA 26-05» ) ( 25/03/2025 09:03:35 - MIGUEL SANDOVAL: «ETA AJUSTADO 22-06, REVISANDO URGENTE» ) ( 16/05/2025 02:05:35 - FIORELA AVALOS: «ETA VARIABLE 16/05» );Y;N;;;MIXTO;5;28-01-25;14;0;EPA;OLO1;1;draft;0;pending;1;1;1
1103222;29;LUMICENTRO INTERNACIONAL, INC ;71;Directo SV - FERRETERIA EPA, S.A. DE C.V.;63,963.51;USD;01-10-24;;2;ASSZX501297;3;CMAU6592283;FOB  ;FOB  ;FOB  ;14-02-25;14-02-25;28-11-24;14-02-25;Y;78;Y;03-03-25;02-03-25;02-03-25;-1;07-05-25;02-05-25;01-05-25;-6;4549;HARMONY (Dropship SV);47;Y;122;-- N/A --;6,946;21-04-25;ARR017;;6,365;1000001;;15376;63,963.51;15376;N;TO;N;( 24/03/2025 05:03:08 - MIGUEL SANDOVAL: «Se ha modificado el puerto de arribo. De: no tener puerto a: ACAJUTLA, EL SALVADOR» ) ( 24/03/2025 05:03:02 - MIGUEL SANDOVAL: «ETA 25-04-2025» ) ( 02/04/2025 04:04:15 - FIORELA AVALOS: «ETA VARIABLE 02/05» );Y;N;;;MIXTO;5;28-01-25;14;0;EPA;OLO1;1;draft;0;pending;1;1;1
1103224;202;WORKSITE TOOL LIMITED                                      ;76;Directo SV - FERRETERIA EPA, S.A. DE C.V.;85,386.78;USD;24-10-24;;2;ASSHA413691;3;CMAU8663149;FOB  ;FOB  ;FOB  ;02-01-25;02-01-25;30-11-24;09-01-25;Y;40;Y;18-01-25;20-01-25;20-01-25;2;22-03-25;25-04-25;09-04-25;18;4484;HARMONY (Dropship SV);91;Y;122;-- N/A --;6,868;25-02-25;September Order I;;6,815;1000001;;S25WST-EPA001;85,386.78;S25WST-EPA001                 ;N;TO;N;( 24/03/2025 05:03:01 - MIGUEL SANDOVAL: «ETA 16-04» ) ( 02/04/2025 04:04:42 - FIORELA AVALOS: «ETA VARIABLE 25/04» );N;N;;;PEDIDO COMPRA;5;27-12-24;14;0;EPA;OLO1;1;draft;0;pending;1;1;1
1103225;202;WORKSITE TOOL LIMITED                                      ;76;Directo SV - FERRETERIA EPA, S.A. DE C.V.;82,351.36;USD;24-10-24;;2;ASSHA413691;3;CMAU9431934;FOB  ;FOB  ;FOB  ;02-01-25;02-01-25;30-11-24;09-01-25;Y;40;Y;18-01-25;20-01-25;20-01-25;2;22-03-25;25-04-25;09-04-25;18;4484;HARMONY (Dropship SV);91;Y;122;-- N/A --;6,869;25-02-25;September Order II;;6,815;1000001;;S25WST-EPA002;82,351.36;S25WST-EPA002                 ;N;TO;N;( 24/03/2025 05:03:57 - MIGUEL SANDOVAL: «ETA 16-04» ) ( 02/04/2025 04:04:05 - FIORELA AVALOS: «ETA VARIABLE 25/04» );N;N;;;PEDIDO COMPRA;5;27-12-24;14;0;EPA;OLO1;1;draft;0;pending;1;1;1
1103226;202;WORKSITE TOOL LIMITED                                      ;76;Directo SV - FERRETERIA EPA, S.A. DE C.V.;63,719.81;USD;24-10-24;;2;ASSHA500523;3;TRHU4926853;FOB  ;FOB  ;FOB  ;09-01-25;09-01-25;30-11-24;21-01-25;Y;52;Y;01-02-25;06-02-25;06-02-25;5;19-03-25;25-04-25;09-04-25;21;4490;HARMONY (Dropship SV);91;Y;122;-- N/A --;6,847;15-02-25;September Order III;;6,535;1000001;;S25WST-EPA003;63,719.81;S25WST-EPA003                 ;N;TO;N;( 10/01/2025 04:01:00 - MIGUEL SANDOVAL: «Se ha modificado el puerto de embarque. De: no tener puerto a: SHANGHAI, CHINA» ) ( 07/03/2025 01:03:39 - FIORELA AVALOS: «NUEVO ETA 16/05/2025» ) ( 24/03/2025 06:03:10 - MIGUEL SANDOVAL: «ETA 16-04-2025» ) ( 02/04/2025 04:04:25 - FIORELA AVALOS: «ETA VARIABLE 25/04» );N;N;;;PEDIDO COMPRA;5;27-12-24;14;0;EPA;OLO1;1;draft;0;pending;1;1;1
1103227;202;WORKSITE TOOL LIMITED                                      ;76;Directo SV - FERRETERIA EPA, S.A. DE C.V.;43,890.62;USD;24-10-24;;2;ASSHA502093;3;GCXU5832578;FOB  ;FOB  ;FOB  ;04-03-25;04-03-25;30-11-24;10-03-25;Y;100;Y;15-03-25;16-03-25;16-03-25;1;10-05-25;24-05-25;19-05-25;9;4558;HARMONY (Dropship SV);91;Y;122;-- N/A --;6,93;01-04-25;September Order IV;;5,225;1000001;;S25WST-EPA004AB;43,890.62;S25WST-EPA004                 ;N;TO;N;( 04/03/2025 05:03:19 - MIGUEL SANDOVAL: «Se ha modificado el puerto de embarque. De: no tener puerto a: SHANGHAI, CHINA» ) ( 24/03/2025 05:03:19 - MIGUEL SANDOVAL: «ETA 23-04-2025» ) ( 02/04/2025 04:04:44 - FIORELA AVALOS: «ETA VARIABLE 01/05» ) ( 30/04/2025 05:04:43 - MIGUEL SANDOVAL: «ETA 08-05» ) ( 02/05/2025 01:05:12 - FIORELA AVALOS: «ETA VARIABLE 16/05» ) ( 09/05/2025 09:05:50 - FIORELA AVALOS: «ETA VARIABLE 31/05» ) ( 16/05/2025 02:05:26 - FIORELA AVALOS: «ETA VARIABLE 24/05» );N;N;;;MIXTO;5;27-12-24;14;0;EPA;OLO1;1;draft;0;pending;1;1;1
1103238;198;GBR CORPORATION LTD.                                       ;76;Directo VE - FEBECA C.A. ;60,174.5;USD;22-10-24;;2;SHLAG25001194;3;CMAU8629036;FOB  ;CIF  ;FOB  ;08-01-25;08-01-25;15-01-25;20-01-25;Y;5;Y;25-01-25;31-01-25;31-01-25;6;30-03-25;04-04-25;04-04-25;5;4499;Harmony (Drop Ship FEBECA VE);71;Y;121;-- N/A --;6,86;20-02-25;FEB-24101401;IOLFT25-035;6,55;1000022;;0001-222500;60,174.5;0001-222500                   ;N;TO;N;( 27/02/2025 03:02:42 - FIORELA AVALOS: «ETA VARIABLE 06/03» ) ( 10/03/2025 04:03:49 - FIORELA AVALOS: «ETA VARIABLE 13/03» ) ( 13/03/2025 12:03:24 - FIORELA AVALOS: «ETA VARIABLE 16/03» ) ( 20/03/2025 11:03:04 - FIORELA AVALOS: «ETA VARIABLE 20/03» ) ( 27/03/2025 12:03:46 - FIORELA AVALOS: «ETA VARIABLE 29/03» ) ( 02/04/2025 04:04:15 - FIORELA AVALOS: «ETA VARIABLE 04/04» );N;N;;;PEDIDO COMPRA;5;06-01-25;14;1;EPA;OLO1;1;draft;0;pending;1;1;1
1103240;198;GBR CORPORATION LTD.                                       ;76;Directo VE - FEBECA C.A. ;40,479.08;USD;22-10-24;;2;SHPBL25001917;3;BEAU4851238;FOB  ;CIF  ;FOB  ;13-01-25;13-01-25;15-01-25;16-02-25;Y;32;Y;20-02-25;20-02-25;20-02-25;0;15-04-25;04-05-25;05-05-25;20;4535;Harmony (Drop Ship FEBECA VE);71;Y;121;-- N/A --;6,924;26-03-25;FEB-24101403;IOLFT25-070;6,33;1000022;;0001-222552;40,479.08;0001-222552                   ;N;TO;N;( 27/03/2025 12:03:42 - FIORELA AVALOS: «ETA VARIABLE 18/04» ) ( 03/04/2025 07:04:03 - FIORELA AVALOS: «ETA VARIABLE 29/04» ) ( 10/04/2025 02:04:50 - FIORELA AVALOS: «ETA VARIABLE 03/05» ) ( 02/05/2025 01:05:34 - FIORELA AVALOS: «ETA VARIABLE 04/05» );N;N;;;PEDIDO COMPRA;5;06-01-25;14;1;EPA;OLO1;1;draft;0;pending;1;1;1
1103241;198;GBR CORPORATION LTD.                                       ;76;Directo VE - FEBECA C.A. ;35,524.24;USD;22-10-24;;2;SHLAG25005786;3;SEGU5440763;FOB  ;CIF  ;FOB  ;27-02-25;27-02-25;15-01-25;20-02-25;Y;36;Y;13-04-25;15-04-25;15-04-25;2;31-05-25;06-06-25;06-06-25;6;4596;Harmony (Drop Ship FEBECA VE);71;Y;121;-- N/A --;6,971;10-05-25;FEB-24101404;IOLFT25-209;5,7;1000022;;0001-222719;35,524.24;0001-222719                   ;N;TO;N;( 05/05/2025 08:05:47 - MIGUEL SANDOVAL: «ETA 07-06» ) ( 16/05/2025 02:05:48 - FIORELA AVALOS: «ETA VARIABLE 14/06» ) ( 23/05/2025 09:05:11 - FIORELA AVALOS: «ETA VARIABLE 15/06» ) ( 03/06/2025 10:06:16 - FIORELA AVALOS: «NUEVO ETA 06/06/2025» );N;N;;;PEDIDO COMPRA;5;06-01-25;21;1;EPA;OLO1;1;draft;0;pending;1;1;1
1103242;198;GBR CORPORATION LTD.                                       ;76;Directo VE - FEBECA C.A. ;74,601.1;USD;22-10-24;;2;SHLAG25001198;3;SEGU6287134;FOB  ;CIF  ;FOB  ;07-01-25;07-01-25;20-12-24;20-01-25;Y;31;Y;25-01-25;31-01-25;31-01-25;6;14-04-25;22-03-25;22-03-25;-23;4491;Harmony (Drop Ship FEBECA VE);71;Y;121;-- N/A --;6,852;18-02-25;FEB-24101405;IOLFT25-036;6,55;1000022;;0001-222496;74,601.1;0001-222496                   ;N;TO;N;;N;N;;;PEDIDO COMPRA;5;06-01-25;14;0;EPA;OLO1;1;draft;0;pending;1;1;1
1103243;198;GBR CORPORATION LTD.                                       ;76;Directo VE - FEBECA C.A. ;48,899.2;USD;22-10-24;;2;SHLAG25001197;3;CMAU7671849;FOB  ;CIF  ;FOB  ;07-01-25;07-01-25;31-12-24;10-01-25;Y;10;Y;25-01-25;31-01-25;31-01-25;6;14-04-25;23-03-25;23-03-25;-22;4503;Harmony (Drop Ship FEBECA VE);71;Y;121;-- N/A --;6,867;24-02-25;FEB-24101406;IOLFT25-037;6,55;1000022;;0001-222490;48,899.2;0001-222490                   ;N;TO;N;;N;N;;;PEDIDO COMPRA;5;06-01-25;14;1;EPA;OLO1;1;draft;0;pending;1;1;1
1103244;198;GBR CORPORATION LTD.                                       ;76;Directo VE - FEBECA C.A. ;72,275;USD;22-10-24;;2;SHLAG25001193;3;CMAU7279191;FOB  ;CIF  ;FOB  ;07-01-25;07-01-25;31-12-24;10-01-25;Y;10;Y;28-01-25;28-01-25;28-01-25;0;30-03-25;01-04-25;01-04-25;2;4497;Harmony (Drop Ship FEBECA VE);71;Y;157;-- N/A --;6,858;18-02-25;FEB-24101407;IOLFT25-040;6,55;1000022;;0001-222463;72,275;0001-222463                   ;N;TO;N;( 12/02/2025 01:02:28 - MIGUEL SANDOVAL: «Se ha modificado el puerto de arribo. De: no tener puerto a: CABELLO, VENEZUELA» ) ( 27/02/2025 03:02:49 - FIORELA AVALOS: «ETA VARIABLE 24/03» ) ( 10/03/2025 04:03:26 - FIORELA AVALOS: «ETA VARIABLE 26/03» ) ( 13/03/2025 12:03:09 - FIORELA AVALOS: «ETA VARIABLE 31/03» ) ( 20/03/2025 11:03:42 - FIORELA AVALOS: «ETA VARIABLE 06/04» ) ( 27/03/2025 12:03:08 - FIORELA AVALOS: «ETA VARIABLE 01/04» );N;N;;;PEDIDO COMPRA;5;06-01-25;14;1;EPA;OLO1;1;draft;0;pending;1;1;1
1103245;106;NINGBO BEDA  HOME DECORATION LTD;73;Directo CR - FERRETERIA EPA, S.A.;26,604.96;USD;22-10-24;;2;ASNGB414317;3;GESU6895103;FOB  ;FOB  ;FOB  ;02-01-25;02-01-25;15-01-25;13-01-25;Y;-2;Y;16-01-25;16-01-25;18-01-25;2;17-03-25;07-04-25;30-03-25;13;4477;HARMONY (Dropship CR);71;Y;125;-- N/A --;6,842;13-02-25;PI1Oct;;6,625;1000001;;177487;26,604.96;177487;N;OLO-EPA - EPA 48%;Y;( 12/02/2025 08:02:23 - MIGUEL SANDOVAL: «ETA 05-04» ) ( 07/03/2025 01:03:48 - FIORELA AVALOS: «NUEVO ETA 18/04/2025» ) ( 03/04/2025 07:04:06 - FIORELA AVALOS: «ETA VARIABLE 07/04» );Y;N;;;CNY;5;;14;0;EPA;OLO1;1;draft;0;pending;1;1;1
1103246;106;NINGBO BEDA  HOME DECORATION LTD;73;ZF - OVERSEAS LOGISTICS OPERATIONS;29,476.34;USD;22-10-24;;2;ASNGB414316;3;GESU6895103;FOB  ;;;02-01-25;02-01-25;15-01-25;13-01-25;Y;-2;Y;16-01-25;16-01-25;18-01-25;2;17-03-25;07-04-25;30-03-25;13;4488;HARMONY (ZF);71;Y;125;52025257310;6,985;20-05-25;PI1Oct;SJOTS0005591;3,439.93;1000001;;177487-1;29,476.34;177487-1                      ;N;OLO-EPA - Harmony 52%;N;( 12/02/2025 08:02:38 - MIGUEL SANDOVAL: «ETA 05-04» ) ( 10/03/2025 04:03:50 - FIORELA AVALOS: «ETA VARIABLE 08/04» ) ( 27/03/2025 12:03:39 - FIORELA AVALOS: «ETA VARIABLE 07/04» );Y;N;;;MIXTO;5;;14;0;EPA;OLO1;1;draft;0;pending;1;1;1
1103247;106;NINGBO BEDA  HOME DECORATION LTD;73;Directo CR - FERRETERIA EPA, S.A.;28,224.48;USD;22-10-24;;2;ASNGB500853;3;TCNU4760537;FOB  ;FOB  ;FOB  ;11-02-25;12-02-25;28-02-25;24-02-25;Y;-4;Y;07-03-25;06-03-25;06-03-25;-1;06-05-25;16-05-25;16-05-25;10;4541;HARMONY (Dropship CR);71;Y;125;-- N/A --;6,907;20-03-25;PI2Oct;;5,51;1000001;;177488;28,224.48;177488;N;TO / OLO-EPA - EPA 51%;Y;( 18/03/2025 06:03:29 - MIGUEL SANDOVAL: «ETA 26-05» ) ( 09/05/2025 09:05:35 - FIORELA AVALOS: «ETA VARIABLE 14/05» ) ( 16/05/2025 02:05:30 - FIORELA AVALOS: «ETA VARIABLE 16/05» );Y;N;;;MIXTO;5;;0;;EPA;OLO1;1;draft;0;pending;1;1;1
1103248;106;NINGBO BEDA  HOME DECORATION LTD;73;ZF - OVERSEAS LOGISTICS OPERATIONS;29,251.7;USD;22-10-24;;2;ASNGB500854;3;TCNU4760537;FOB  ;;;11-02-25;12-02-25;28-02-25;24-02-25;Y;-4;Y;07-03-25;06-03-25;06-03-25;-1;06-05-25;16-05-25;16-05-25;10;4551;HARMONY (ZF);71;Y;125;52025349754;7,001;11-06-25;PI2Oct;SJOTS0005737;2,762.01;1000001;;177488-1;29,251.7;177488-1                      ;N;OLO-EPA - Harmony 49%;N;( 09/05/2025 09:05:04 - FIORELA AVALOS: «ETA VARIABLE 14/05» ) ( 16/05/2025 02:05:49 - FIORELA AVALOS: «ETA VARIABLE 16/05» );Y;N;;;MIXTO;5;;0;;EPA;OLO1;1;draft;0;pending;1;1;1
1103249;178;MATERIALES ELECTRICOS AGUILA DE LATINOAM                   ;72;Directo VE - FERRETERIA EPA, C.A.;52,513.85;USD;23-10-24;;2;EM02-0745-2025;3;TGBU6656497;EXW  ;EXW  ;FCA  ;12-02-25;12-02-25;15-11-24;18-11-24;Y;3;N;18-02-25;18-02-25;18-02-25;0;10-03-25;10-03-25;10-03-25;0;4335;Harmony (Drop Ship EPA VE);161;N;116;-- N/A --;6,692;21-11-24;PI 13949;;;1000022;;738, 739;52,513.85;738/739                       ;N;;N;( 23/04/2025 08:04:22 - OLMAN MORA CARPIO: «Se ha modificado el puerto de embarque. De: no tener puerto a: HEREDIA, COSTA RICA» );Y;N;;;PEDIDO COMPRA;;;0;;EPA;OLO1;1;draft;0;pending;1;1;1
1103269;9;LUMICENTRO INTERNACIONAL, INC                              ;71;Directo CR - FERRETERIA EPA, S.A.;75,510.38;USD;27-10-24;;2;ASCAN500162;3;TRHU6013128;FOB  ;FOB  ;FOB  ;13-02-25;13-02-25;08-02-25;13-02-25;Y;5;Y;03-03-25;26-02-25;26-02-25;-5;29-04-25;16-05-25;16-05-25;17;4509;HARMONY (Dropship CR);92;Y;125;-- N/A --;6,875;03-03-25;20539 / ARR#21;;6,595;1000001;;15367;75,510.38;15367;N;TO;Y;( 28/02/2025 02:02:18 - MIGUEL SANDOVAL: «Se ha modificado el puerto de embarque. De: no tener puerto a: SHEKOU, CHINA» ) ( 20/03/2025 07:03:27 - MIGUEL SANDOVAL: «ETA 14 DE JUNIO, REVISANDO URGENTE ETA CON FF» ) ( 16/05/2025 02:05:14 - FIORELA AVALOS: «ETA VARIABLE 16/05» );Y;N;;;MIXTO;5;28-01-25;14;0;EPA;OLO1;1;draft;0;pending;1;1;1
1103270;9;LUMICENTRO INTERNACIONAL, INC                              ;71;Directo CR - FERRETERIA EPA, S.A.;49,877.8;USD;27-10-24;;2;ASCAN500163;3;TCNU6254420;FOB  ;FOB  ;FOB  ;13-02-25;13-02-25;08-02-25;21-02-25;Y;13;Y;09-03-25;01-03-25;01-03-25;-8;29-04-25;01-05-25;01-05-25;2;4540;HARMONY (Dropship CR);66;Y;133;-- N/A --;6,926;28-03-25;20540 / ARR#22;;5,915;1000001;;15371;49,877.8;15371;N;TO + $150 de ajuste en In land al pasar de Caldera a Moin;Y;( 18/03/2025 06:03:02 - MIGUEL SANDOVAL: «ETA 26-05-2025» ) ( 01/04/2025 06:04:31 - MIGUEL SANDOVAL: «ETA 26-06, VALIDANDO AJUSTE EN ETA POR MOIN» ) ( 08/04/2025 12:04:51 - MIGUEL SANDOVAL: «SE AJUSTA ETA A 01-05, PUERTO DE ARRIBO MOIN CR» ) ( 08/04/2025 12:04:54 - MIGUEL SANDOVAL: «Se ha modificado el puerto de arribo. De: no tener puerto a: MOÍN, COSTA RICA» );Y;N;;;MIXTO;5;28-01-25;14;0;EPA;OLO1;1;draft;0;pending;1;1;1
1103271;9;LUMICENTRO INTERNACIONAL, INC                              ;71;Directo CR - FERRETERIA EPA, S.A.;48,136.53;USD;27-10-24;;2;ASCAN500164;3;TCNU5329870;FOB  ;FOB  ;FOB  ;13-02-25;14-02-25;08-02-25;22-02-25;Y;14;Y;04-03-25;04-03-25;04-03-25;0;12-04-25;01-05-25;24-04-25;12;4537;HARMONY (Dropship CR);66;Y;125;-- N/A --;6,905;20-03-25;20541 / ARR#23;;5,765;1000001;;15370;48,136.53;15370;N;TO;Y;( 18/03/2025 06:03:22 - MIGUEL SANDOVAL: «ETA 18-04» ) ( 03/04/2025 07:04:32 - FIORELA AVALOS: «ETA VARIABLE 15/04» ) ( 24/04/2025 11:04:31 - FIORELA AVALOS: «NUEVO ETA 01/05/2025» );Y;N;;;MIXTO;3;28-01-25;14;0;EPA;OLO1;1;draft;0;pending;1;1;1
1103272;9;LUMICENTRO INTERNACIONAL, INC                              ;71;Directo CR - FERRETERIA EPA, S.A.;62,999.38;USD;27-10-24;;2;ASNGB500839;3;GESU6656963;FOB  ;FOB  ;FOB  ;11-02-25;12-02-25;08-02-25;10-02-25;Y;2;Y;27-02-25;27-02-25;26-02-25;-1;24-05-25;16-05-25;16-05-25;-8;4510;HARMONY (Dropship CR);71;Y;125;-- N/A --;6,879;10-03-25;20542 / ARR#24;;6,34;1000001;;15366;62,999.38;15366;N;TO;Y;( 28/02/2025 02:02:09 - MIGUEL SANDOVAL: «Se ha modificado el puerto de embarque. De: no tener puerto a: NINGBO, CHINA» ) ( 20/03/2025 06:03:52 - MIGUEL SANDOVAL: «ETA 4 DE MAYO» ) ( 02/05/2025 01:05:38 - FIORELA AVALOS: «ETA VARIABLE 13/05» ) ( 09/05/2025 09:05:25 - FIORELA AVALOS: «ETA VARIABLE 14/05» ) ( 16/05/2025 02:05:35 - FIORELA AVALOS: «ETA VARIABLE 16/05» );Y;N;;;MIXTO;5;28-01-25;14;0;EPA;OLO1;1;draft;0;pending;1;1;1
1103273;9;LUMICENTRO INTERNACIONAL, INC                              ;71;Directo CR - FERRETERIA EPA, S.A.;75,567.34;USD;27-10-24;;2;ASNGB500841;3;TCLU4078026;FOB  ;FOB  ;FOB  ;11-02-25;11-02-25;08-02-25;12-02-25;Y;4;Y;27-02-25;26-02-25;26-02-25;-1;24-05-25;16-05-25;16-05-25;-8;4528;HARMONY (Dropship CR);71;Y;125;-- N/A --;6,897;14-03-25;20544 / ARR#25;;6,34;1000001;;15365;75,567.34;15365;N;TO;Y;( 28/02/2025 02:02:51 - MIGUEL SANDOVAL: «Se ha modificado el puerto de embarque. De: no tener puerto a: NINGBO, CHINA» ) ( 09/05/2025 09:05:22 - FIORELA AVALOS: «ETA VARIABLE 14/05» ) ( 16/05/2025 02:05:58 - FIORELA AVALOS: «ETA VARIABLE 16/05» );Y;N;;;MIXTO;5;28-01-25;14;0;EPA;OLO1;1;draft;0;pending;1;1;1
1103274;9;LUMICENTRO INTERNACIONAL, INC                              ;71;Directo GT - FERRETERIA EPA, S.A. (Guatemala);58,975.67;USD;27-10-24;;2;HCAN00031746;3;MSDU4062546;FOB  ;FOB  ;FOB  ;10-02-25;10-02-25;08-02-25;20-02-25;Y;12;Y;06-03-25;07-03-25;07-03-25;1;16-04-25;30-04-25;30-04-25;14;4556;HARMONY (Dropship GT);66;Y;127;-- N/A --;6,923;26-03-25;20546 / ARR#26;;4,65;1000025;;15380;58,975.67;15380;N;TO;N;( 25/03/2025 06:03:12 - MIGUEL SANDOVAL: «ETA 24-04» ) ( 03/04/2025 07:04:20 - FIORELA AVALOS: «ETA VARIABLE 30/04» );Y;N;;;MIXTO;3;28-01-25;14;0;EPA;OLO1;1;draft;0;pending;1;1;1
1103275;9;LUMICENTRO INTERNACIONAL, INC                              ;71;Directo GT - FERRETERIA EPA, S.A. (Guatemala);57,465.73;USD;27-10-24;;2;HCAN00031748;3;MSMU8244036;FOB  ;FOB  ;FOB  ;10-02-25;10-02-25;08-02-25;21-02-25;Y;13;Y;06-03-25;06-03-25;07-03-25;1;16-04-25;30-04-25;30-04-25;14;4557;HARMONY (Dropship GT);66;Y;127;-- N/A --;6,929;01-04-25;20547 / ARR#27;;4,65;1000025;;15379;57,465.73;15379;N;TO;N;( 03/04/2025 07:04:28 - FIORELA AVALOS: «ETA VARIABLE 30/04» );Y;N;;;MIXTO;3;28-01-25;14;0;EPA;OLO1;1;draft;0;pending;1;1;1
1103276;9;LUMICENTRO INTERNACIONAL, INC                              ;71;Directo GT - FERRETERIA EPA, S.A. (Guatemala);45,204.12;USD;27-10-24;;2;HCAN00031747;3;CLHU4784520;FOB  ;FOB  ;FOB  ;10-02-25;10-02-25;08-02-25;20-02-25;Y;12;Y;06-03-25;07-03-25;07-03-25;1;16-04-25;30-04-25;30-04-25;14;4578;HARMONY (Dropship GT);66;Y;127;-- N/A --;6,948;21-04-25;20548 / ARR#28;;4,65;1000025;;15378;45,204.12;15378;N;TO;N;( 21/04/2025 01:04:49 - MIGUEL SANDOVAL: «ETA 30-04-2025» );Y;N;;;MIXTO;3;28-01-25;14;0;EPA;OLO1;1;draft;0;pending;1;1;1
1103277;9;LUMICENTRO INTERNACIONAL, INC                              ;71;Directo GT - FERRETERIA EPA, S.A. (Guatemala);66,323.73;USD;27-10-24;;2;HNGB00065582;3;TCLU4038358;FOB  ;FOB  ;FOB  ;10-02-25;10-02-25;08-02-25;22-01-25;Y;-17;Y;09-03-25;12-03-25;15-03-25;6;15-04-25;15-04-25;20-04-25;5;4577;HARMONY (Dropship GT);71;Y;127;-- N/A --;6,947;21-04-25;20549 / ARR#29;;4,4;1000025;;15377;66,323.73;15377;N;TO;N;( 21/04/2025 01:04:23 - MIGUEL SANDOVAL: «Se ha modificado el puerto de embarque. De: no tener puerto a: NINGBO, CHINA» );Y;N;;;MIXTO;3;28-01-25;14;0;EPA;OLO1;1;draft;0;pending;1;1;1
1103278;9;LUMICENTRO INTERNACIONAL, INC                              ;71;Directo VE - FERRETERIA EPA, C.A.;76,223.12;USD;27-10-24;;2;SZPBL25002847;3;TCLU4001364;FOB  ;CIF  ;FOB  ;10-02-25;11-02-25;08-02-25;14-02-25;Y;6;Y;12-03-25;15-03-25;15-03-25;3;25-05-25;25-05-25;26-05-25;1;4546;Harmony (Drop Ship EPA VE);66;Y;116;-- N/A --;6,914;25-03-25;20552 / ARR#30;IOLFT25-111;5,05;1000022;;15385;76,223.12;15385;N;TO;N;( 18/03/2025 05:03:22 - MIGUEL SANDOVAL: «ETA 14-05-2025» ) ( 02/05/2025 01:05:55 - FIORELA AVALOS: «ETA VARIABLE 27/05» ) ( 09/05/2025 09:05:40 - FIORELA AVALOS: «ETA VARIABLE 20/05» ) ( 16/05/2025 02:05:44 - FIORELA AVALOS: «ETA VARIABLE 23/05» ) ( 23/05/2025 09:05:32 - FIORELA AVALOS: «ETA VARIABLE 25/05» );Y;N;;;CNY;5;28-01-25;14;1;EPA;OLO1;1;draft;0;pending;1;1;1
1103279;9;LUMICENTRO INTERNACIONAL, INC                              ;71;Directo VE - FERRETERIA EPA, C.A.;59,879.63;USD;27-10-24;;2;SZPBL25002869;3;TCLU4182555;FOB  ;CIF  ;FOB  ;10-02-25;11-02-25;08-02-25;22-02-25;Y;14;Y;18-03-25;15-03-25;15-03-25;-3;25-05-25;25-05-25;26-05-25;1;4547;Harmony (Drop Ship EPA VE);66;Y;116;-- N/A --;6,916;25-03-25;20553 / ARR#31;IOLFT25-113;5,05;1000022;;15384;59,879.63;15384;N;TO;N;( 18/03/2025 05:03:19 - MIGUEL SANDOVAL: «ETA 14-05-2025» ) ( 02/05/2025 01:05:25 - FIORELA AVALOS: «ETA VARIABLE 27/05» ) ( 09/05/2025 09:05:58 - FIORELA AVALOS: «ETA VARIABLE 20/05» ) ( 16/05/2025 02:05:06 - FIORELA AVALOS: «ETA VARIABLE 23/05» ) ( 23/05/2025 09:05:10 - FIORELA AVALOS: «ETA VARIABLE 25/05» );Y;N;;;CNY;5;28-01-25;14;1;EPA;OLO1;1;draft;0;pending;1;1;1
1103280;9;LUMICENTRO INTERNACIONAL, INC                              ;71;Directo VE - FERRETERIA EPA, C.A.;77,253;USD;27-10-24;;2;SZPBL25002730;3;TGHU5225440;FOB  ;CIF  ;FOB  ;10-02-25;10-02-25;08-02-25;22-01-25;Y;-17;Y;13-03-25;13-03-25;12-03-25;-1;15-05-25;13-05-25;08-05-25;-7;4548;Harmony (Drop Ship EPA VE);66;Y;116;-- N/A --;6,915;25-03-25;20554 / ARR#32;IOLFT25-105;5,75;1000022;;15383;77,253;15383;N;TO;N;( 02/05/2025 01:05:47 - FIORELA AVALOS: «ETA VARIABLE 06/05» ) ( 09/05/2025 09:05:18 - FIORELA AVALOS: «ETA VARIABLE 13/05» );Y;N;;;CNY;4;28-01-25;14;1;EPA;OLO1;1;draft;0;pending;1;1;1
1103281;9;LUMICENTRO INTERNACIONAL, INC                              ;71;Directo VE - FERRETERIA EPA, C.A.;84,391.2;USD;27-10-24;;2;SHPBL25002387;3;CMAU5440250;FOB  ;CIF  ;FOB  ;10-02-25;11-02-25;08-02-25;12-02-25;Y;4;Y;20-02-25;20-02-25;20-02-25;0;15-04-25;04-05-25;05-05-25;20;4521;Harmony (Drop Ship EPA VE);71;Y;116;-- N/A --;6,888;10-03-25;20555 / ARR#33;IOLFT25-074;6,33;1000022;;15361;84,391.2;15361;N;TO;N;( 17/02/2025 00:02:21 - MIGUEL SANDOVAL: «Se ha modificado el puerto de embarque. De: no tener puerto a: NINGBO, CHINA» ) ( 27/03/2025 01:03:30 - FIORELA AVALOS: «ETA VARIABLE 23/04» ) ( 03/04/2025 07:04:13 - FIORELA AVALOS: «ETA VARIABLE 29/04» ) ( 10/04/2025 03:04:49 - FIORELA AVALOS: «ETA VARIABLE 03/05» ) ( 02/05/2025 03:05:05 - FIORELA AVALOS: «ETA VARIABLE 04/05» );Y;N;;;CNY;5;28-01-25;14;1;EPA;OLO1;1;draft;0;pending;1;1;1
1103282;9;LUMICENTRO INTERNACIONAL, INC                              ;71;ZF - OVERSEAS LOGISTICS OPERATIONS;61,654.45;USD;27-10-24;;2;ASCAN500165;3;TIIU4440147;FOB  ;;;13-02-25;13-02-25;08-02-25;04-03-25;Y;24;Y;04-03-25;04-03-25;04-03-25;0;12-04-25;15-04-25;25-04-25;13;4568;HARMONY (ZF);66;Y;125;52025293025;7,034;07-07-25;20562 / ARR#35;SJOTS0005678;5,910.6;1000001;;15369;61,654.45;15369;N;TO;N;( 24/03/2025 06:03:44 - MIGUEL SANDOVAL: «Se ha modificado el puerto de arribo. De: no tener puerto a: CALDERA, COSTA RICA» ) ( 24/03/2025 06:03:14 - MIGUEL SANDOVAL: «ETA 18-04» ) ( 03/04/2025 07:04:36 - FIORELA AVALOS: «ETA VARIABLE 15/04» );Y;N;;;MIXTO;3;28-01-25;14;0;EPA;OLO1;1;draft;0;pending;1;1;1
1103283;9;LUMICENTRO INTERNACIONAL, INC                              ;71;ZF - OVERSEAS LOGISTICS OPERATIONS;52,806.38;USD;27-10-24;;2;ASCAN500166;3;ECMU7124870;FOB  ;;;13-02-25;13-02-25;08-02-25;21-02-25;Y;13;Y;01-03-25;01-03-25;01-03-25;0;29-04-25;01-05-25;01-05-25;2;4550;HARMONY (ZF);66;Y;133;52025310226;6,986;23-05-25;20563 / ARR#36;SJOTS0005679;6,061.25;1000001;;15374;52,806.38;15374;N;TO / tarifa inckuye $150 por cambio de caldera a Moin;N;( 24/03/2025 06:03:30 - MIGUEL SANDOVAL: «ETA 14-06-2025, REVISANDO URGENTE CON FF» ) ( 20/04/2025 11:04:22 - MIGUEL SANDOVAL: «ETA 01-05» ) ( 20/04/2025 11:04:27 - MIGUEL SANDOVAL: «Se ha modificado el puerto de arribo. De: no tener puerto a: MOÍN, COSTA RICA» );Y;N;;;MIXTO;5;28-01-25;14;0;EPA;OLO1;1;draft;0;pending;1;1;1
1103305;9;LUMICENTRO INTERNACIONAL, INC                              ;71;Directo CR - FERRETERIA EPA, S.A.;35,738.24;USD;27-10-24;;2;ASCAN500183;3;GESU6676070;FOB  ;FOB  ;FOB  ;24-02-25;24-02-25;08-02-25;24-02-25;Y;16;Y;16-03-25;08-03-25;08-03-25;-8;20-05-25;16-05-25;16-05-25;-4;4559;HARMONY (Dropship CR);66;Y;125;-- N/A --;6,939;16-04-25;20545 / ARR#62;;5,765;1000001;;15375;35,738.24;15375;N;TO;Y;( 25/03/2025 05:03:53 - MIGUEL SANDOVAL: «ETA 07-05-2025» ) ( 02/05/2025 03:05:35 - FIORELA AVALOS: «ETA VARIABLE 13/05» ) ( 09/05/2025 09:05:59 - FIORELA AVALOS: «ETA VARIABLE 14/05» ) ( 16/05/2025 03:05:43 - FIORELA AVALOS: «ETA VARIABLE 16/05» );Y;N;;;CNY;5;28-01-25;14;0;EPA;OLO1;1;draft;0;pending;1;1;1
1103306;9;LUMICENTRO INTERNACIONAL, INC                              ;71;Directo CR - FERRETERIA EPA, S.A.;69,450.32;USD;27-10-24;;2;ASCAN500359;3;CMAU9084563;FOB  ;FOB  ;FOB  ;06-03-25;06-03-25;08-02-25;15-03-25;Y;35;Y;28-03-25;05-04-25;31-03-25;3;28-05-25;05-07-25;05-07-25;38;4569;HARMONY (Dropship CR);66;Y;125;-- N/A --;6,938;16-04-25;20543 / ARR#64;;5,765;1000001;;15392;69,450.32;15392;N;TO;Y;( 09/05/2025 09:05:26 - FIORELA AVALOS: «ETA VARIABLE 17/06» ) ( 16/05/2025 03:05:51 - FIORELA AVALOS: «ETA VARIABLE 22/06» ) ( 23/05/2025 09:05:52 - FIORELA AVALOS: «ETA VARIABLE 23/06» ) ( 10/06/2025 12:06:16 - FIORELA AVALOS: «ETA VARIABLE 30/06» ) ( 20/06/2025 11:06:56 - FIORELA AVALOS: «ETA VARIABLE 02/07» ) ( 02/07/2025 08:07:38 - FIORELA AVALOS: «ETA VARIABLE 05/07» );Y;N;;;MIXTO;5;28-01-25;14;0;EPA;OLO1;1;draft;0;pending;1;1;1
1103307;9;LUMICENTRO INTERNACIONAL, INC                              ;71;ZF - OVERSEAS LOGISTICS OPERATIONS;51,283.65;USD;27-10-24;;2;ASCAN500358;3;CMAU3509399;FOB  ;;;06-03-25;07-03-25;08-02-25;15-03-25;Y;35;Y;28-03-25;28-03-25;28-03-25;0;28-05-25;05-07-25;05-07-25;38;4589;HARMONY (ZF);66;Y;125;52025496518;7,072;28-07-25;20564 / ARR#66;SJOTS0005893;5,891.75;1000001;;15394;51,283.65;15394;N;TO;N;( 09/05/2025 09:05:52 - FIORELA AVALOS: «ETA VARIABLE 17/06» ) ( 16/05/2025 03:05:56 - FIORELA AVALOS: «ETA VARIABLE 22/06» ) ( 23/05/2025 09:05:18 - FIORELA AVALOS: «ETA VARIABLE 23/06» ) ( 10/06/2025 12:06:46 - FIORELA AVALOS: «ETA VARIABLE 30/06» ) ( 20/06/2025 11:06:38 - FIORELA AVALOS: «ETA VARIABLE 02/07» ) ( 02/07/2025 08:07:20 - FIORELA AVALOS: «ETA VARIABLE 05/07» ) ( 21/07/2025 11:07:54 - LEIDY ELIETH CHAVALA : «Se ha modificado el puerto de arribo. De: no tener puerto a: CALDERA, COSTA RICA» );Y;N;;;CNY;5;28-01-25;14;0;EPA;OLO1;1;draft;0;pending;1;1;1
1103308;9;LUMICENTRO INTERNACIONAL, INC                              ;71;Directo GT - FERRETERIA EPA, S.A. (Guatemala);40,075.05;USD;27-10-24;;2;HCAN00031844;3;MSDU4003965;FOB  ;FOB  ;FOB  ;26-02-25;27-02-25;08-02-25;15-03-25;Y;35;Y;20-03-25;21-03-25;21-03-25;1;01-05-25;08-05-25;08-05-25;7;4585;HARMONY (Dropship GT);66;Y;127;-- N/A --;6,955;28-04-25;20550 / ARR#69;;4,65;1000001;;15387;40,075.05;15387;N;TO;N;( 22/04/2025 06:04:06 - MIGUEL SANDOVAL: «ETA 08-05» );Y;N;;;MIXTO;3;28-01-25;14;0;EPA;OLO1;1;draft;0;pending;1;1;1
1103309;9;LUMICENTRO INTERNACIONAL, INC                              ;71;Directo GT - FERRETERIA EPA, S.A. (Guatemala);44,807.08;USD;27-10-24;;2;HCAN00031934;3;ECMU7343293;FOB  ;FOB  ;FOB  ;26-02-25;27-02-25;08-02-25;15-03-25;Y;35;Y;03-04-25;03-04-25;03-04-25;0;21-05-25;26-05-25;27-05-25;6;4587;HARMONY (Dropship GT);66;Y;127;-- N/A --;6,957;28-04-25;20551 / ARR#70;;4,65;1000001;;15393;44,807.08;15393;N;TO;N;( 09/05/2025 09:05:51 - FIORELA AVALOS: «ETA VARIABLE 27/05» ) ( 19/05/2025 11:05:17 - FIORELA AVALOS: «ETA VARIABLE 23/05» ) ( 23/05/2025 09:05:41 - FIORELA AVALOS: «ETA VARIABLE 26/05» );Y;N;;;CNY;5;28-01-25;14;0;EPA;OLO1;1;draft;0;pending;1;1;1
1103310;9;LUMICENTRO INTERNACIONAL, INC                              ;71;Directo VE - FERRETERIA EPA, C.A.;66,134.8;USD;27-10-24;;2;SZPBL25003362;3;MRKU5097303;FOB  ;CIF  ;FOB  ;05-03-25;06-03-25;08-02-25;15-03-25;Y;35;Y;21-03-25;22-03-25;22-03-25;1;22-05-25;25-06-25;25-06-25;34;4592;Harmony (Drop Ship EPA VE);66;Y;116;-- N/A --;6,97;10-05-25;20558 / ARR#72;IOLFT25-134;4,7;1000022;;15388;66,134.8;15388;N;TO;N;( 05/05/2025 12:05:53 - MIGUEL SANDOVAL: «ETA 16-06» ) ( 19/05/2025 11:05:45 - FIORELA AVALOS: «ETA VARIABLE 25/06» );Y;N;;;CNY;1;28-01-25;21;1;EPA;OLO1;1;draft;0;pending;1;1;1
1103311;9;LUMICENTRO INTERNACIONAL, INC                              ;71;Directo VE - FERRETERIA EPA, C.A.;25,162.56;USD;27-10-24;;2;SZPBL25002829;3;TCNU5195908;FOB  ;CIF  ;FOB  ;10-02-25;11-02-25;08-08-25;07-01-25;Y;-213;Y;14-03-25;14-03-25;15-03-25;1;25-05-25;25-05-25;26-05-25;1;4565;Harmony (Drop Ship EPA VE);66;Y;116;-- N/A --;6,927;01-04-25;20560 / ARR#73;IOLFT25-114;5,05;1000022;;15382;25,162.56;15382;N;TO;N;( 18/03/2025 05:03:37 - MIGUEL SANDOVAL: «ETA 14-05» ) ( 02/05/2025 04:05:07 - FIORELA AVALOS: «ETA VARIABLE 27/05» ) ( 09/05/2025 09:05:20 - FIORELA AVALOS: «ETA VARIABLE 20/05» ) ( 19/05/2025 11:05:28 - FIORELA AVALOS: «ETA VARIABLE 23/05» ) ( 23/05/2025 09:05:02 - FIORELA AVALOS: «ETA VARIABLE 25/05» );Y;N;;;CNY;5;28-01-25;14;0;EPA;OLO1;1;draft;0;pending;1;1;1
1103312;9;LUMICENTRO INTERNACIONAL, INC                              ;71;Directo VE - FERRETERIA EPA, C.A.;58,491.76;USD;27-10-24;;2;SZPBL25002733;3;CAAU5239466;FOB  ;CIF  ;FOB  ;10-02-25;11-02-25;08-02-25;21-02-25;Y;13;Y;13-03-25;12-03-25;12-03-25;-1;15-05-25;13-05-25;08-05-25;-7;4564;Harmony (Drop Ship EPA VE);66;Y;116;-- N/A --;6,928;01-04-25;20561 / ARR#74;IOLFT25-106;5,75;1000022;;15381;58,491.76;15381;N;TO;N;( 02/05/2025 04:05:27 - FIORELA AVALOS: «ETA VARIABLE 06/05» ) ( 09/05/2025 09:05:00 - FIORELA AVALOS: «ETA VARIABLE 13/05» );Y;N;;;CNY;4;28-01-25;14;1;EPA;OLO1;1;draft;0;pending;1;1;1
1103313;9;LUMICENTRO INTERNACIONAL, INC                              ;71;Directo VE - FERRETERIA EPA, C.A.;43,287;USD;27-10-24;;2;SHPBL25002386;3;TCKU4601401;FOB  ;CIF  ;FOB  ;10-02-25;11-02-25;08-02-25;10-02-25;Y;2;Y;20-02-25;20-02-25;20-02-25;0;15-04-25;15-04-25;15-04-25;0;4520;Harmony (Drop Ship EPA VE);71;Y;116;-- N/A --;6,887;10-03-25;20556 / ARR#76;IOLFT25-071;6,33;1000022;;15360;43,287;15360;N;TO;N;( 17/02/2025 00:02:35 - MIGUEL SANDOVAL: «Se ha modificado el puerto de embarque. De: no tener puerto a: NINGBO, CHINA» ) ( 07/03/2025 09:03:58 - MIGUEL SANDOVAL: «ETA 05-04» ) ( 20/03/2025 11:03:15 - FIORELA AVALOS: «ETA VARIABLE 09/04» ) ( 27/03/2025 01:03:46 - FIORELA AVALOS: «ETA VARIABLE 11/04» ) ( 03/04/2025 07:04:36 - FIORELA AVALOS: «ETA VARIABLE 30/04» ) ( 10/04/2025 03:04:04 - FIORELA AVALOS: «ETA VARIABLE 15/04» );Y;N;;;CNY;5;28-01-25;14;1;EPA;OLO1;1;draft;0;pending;1;1;1
1103314;9;LUMICENTRO INTERNACIONAL, INC                              ;71;Directo VE - FERRETERIA EPA, C.A.;72,094.4;USD;27-10-24;;2;SHPBL25002385;3;TCLU9842693;FOB  ;CIF  ;FOB  ;10-02-25;11-02-25;08-02-25;10-02-25;Y;2;Y;20-02-25;20-02-25;20-02-25;0;15-04-25;04-05-25;05-05-25;20;4523;Harmony (Drop Ship EPA VE);71;Y;116;-- N/A --;6,89;10-03-25;20557 / ARR#77;IOLFT25-072;6,33;1000022;;15359;72,094.4;15359;N;TO;N;( 17/02/2025 00:02:41 - MIGUEL SANDOVAL: «Se ha modificado el puerto de embarque. De: no tener puerto a: NINGBO, CHINA» ) ( 07/03/2025 08:03:12 - MIGUEL SANDOVAL: «ETA 23-04» ) ( 03/04/2025 07:04:58 - FIORELA AVALOS: «ETA VARIABLE 29/04» ) ( 10/04/2025 03:04:23 - FIORELA AVALOS: «ETA VARIABLE 03/05» ) ( 02/05/2025 04:05:46 - FIORELA AVALOS: «ETA VARIABLE 04/05» );Y;N;;;CNY;5;28-01-25;14;1;EPA;OLO1;1;draft;0;pending;1;1;1
1103315;9;LUMICENTRO INTERNACIONAL, INC                              ;71;Directo VE - FERRETERIA EPA, C.A.;60,647.06;USD;27-10-24;;2;SHPBL25002389;3;APZU4735348;FOB  ;CIF  ;FOB  ;10-02-25;11-02-25;08-02-25;12-02-25;Y;4;Y;20-02-25;20-02-25;20-02-25;0;15-04-25;15-04-25;15-04-25;0;4522;Harmony (Drop Ship EPA VE);71;Y;116;-- N/A --;6,889;10-03-25;20559 / ARR#78;IOLFT25-073;6,33;1000022;;15358;60,647.06;15358;N;TO;N;( 17/02/2025 00:02:35 - MIGUEL SANDOVAL: «Se ha modificado el puerto de embarque. De: no tener puerto a: NINGBO, CHINA» ) ( 06/03/2025 05:03:46 - MIGUEL SANDOVAL: «ETA 23-04» ) ( 10/04/2025 03:04:43 - FIORELA AVALOS: «ETA VARIABLE 15/04» );Y;N;;;MIXTO;5;28-01-25;14;;EPA;OLO1;1;draft;0;pending;1;1;1
1103318;193;ZHEJIANG TOPWE TOOLS MANUFACTURING CO.                     ;76;ZF - OVERSEAS LOGISTICS OPERATIONS;42,096.07;USD;31-10-24;;2;ASNGB502036;3;APZU4615980;FOB  ;;;19-03-25;19-03-25;15-01-25;06-03-25;Y;50;Y;29-03-25;29-03-25;29-03-25;0;14-05-25;19-06-25;19-06-25;36;4574;HARMONY (ZF);71;Y;125;52025426381;7,016;27-06-25;TPW240723170;1,00001E+17;5,636.75;1000001;;TPW240723170;42,096.07;TPW240723170                  ;N;TO;N;( 02/05/2025 04:05:05 - FIORELA AVALOS: «ETA VARIABLE 03/06» ) ( 19/05/2025 11:05:00 - FIORELA AVALOS: «ETA VARIABLE 22/06» ) ( 23/05/2025 09:05:38 - FIORELA AVALOS: «ETA VARIABLE 23/06» ) ( 10/06/2025 12:06:05 - FIORELA AVALOS: «ETA VARIABLE 20/06» ) ( 20/06/2025 11:06:19 - FIORELA AVALOS: «ETA VARIABLE 19/06» );N;N;;;PEDIDO COMPRA;5;14-02-25;14;0;EPA;OLO1;1;draft;0;pending;1;1;1
1103319;8030;TAIZHOU SUNLIGHT ELECTRIC MACHINERY & PUMP INDUSTRY CO., LT;76;ZF - OVERSEAS LOGISTICS OPERATIONS;35,764.7;USD;31-10-24;;2;ASNGB500090;3;CMAU2386854;FOB  ;;;06-01-25;07-01-25;15-01-25;27-12-24;Y;-19;Y;16-01-25;18-01-25;18-01-25;2;17-03-25;07-04-25;30-03-25;13;4504;HARMONY (ZF);71;Y;125;52025257333;6,952;24-04-25;24SN-10-009 23171;SJOTS0005593;6,081.75;1000001;;25YGJD-004;35,764.7;25YGJD-004                    ;N;TO;N;( 18/02/2025 07:02:30 - MIGUEL SANDOVAL: «ETA 01-04» ) ( 10/03/2025 04:03:17 - FIORELA AVALOS: «ETA VARIABLE 08/04» ) ( 27/03/2025 01:03:33 - FIORELA AVALOS: «ETA VARIABLE 07/04» );N;N;;;PEDIDO COMPRA;5;;14;0;EPA;OLO1;1;draft;0;pending;1;1;1
1103320;8030;TAIZHOU SUNLIGHT ELECTRIC MACHINERY & PUMP INDUSTRY CO., LT;76;Directo VE - FERRETERIA EPA, C.A.;69,444.4;USD;31-10-24;;1;SHPBL25001189;3;ECMU7085516;FOB  ;CIF  ;FOB  ;03-01-25;03-01-25;15-01-25;27-12-24;Y;-19;Y;25-01-25;31-01-25;31-01-25;6;14-04-25;22-03-25;24-03-25;-21;4515;Harmony (Drop Ship EPA VE);71;Y;116;-- N/A --;6,883;10-03-25;24SN-10-010 23172;IOLFT25-038;6,55;1000022;;25YGJD-009;69,444.4;25YGJD-009                    ;N;PL recibido / TO;N;( 10/03/2025 04:03:44 - FIORELA AVALOS: «ETA VARIABLE 16/03» ) ( 13/03/2025 01:03:33 - FIORELA AVALOS: «ETA VARIABLE 21/03» ) ( 20/03/2025 11:03:13 - FIORELA AVALOS: «ETA VARIABLE 22/03» );N;N;;;PEDIDO COMPRA;5;;14;1;EPA;OLO1;1;draft;0;pending;1;1;1
1103321;85;BESTWAY ENTERPRISE COMPANY LIMITED                         ;78;Directo VE - FEBECA C.A. ;43,236.51;USD;07-11-24;;2;SHPBL25001153;3;TXGU8243350;FOB  ;CIF  ;FOB  ;07-01-25;07-01-25;20-01-25;23-01-25;Y;3;Y;26-01-25;08-02-25;08-02-25;13;12-04-25;22-03-25;24-03-25;-19;4519;Harmony (Drop Ship FEBECA VE);91;Y;116;-- N/A --;6,878;05-03-25;1103321;IOLFT25-049;6,45;1000022;;2025MHK-00159;43,236.51;2025MHK-00159                 ;N;TO;N;( 04/03/2025 07:03:37 - MIGUEL SANDOVAL: «ETA 16-03» ) ( 13/03/2025 01:03:50 - FIORELA AVALOS: «ETA VARIABLE 21/03» ) ( 20/03/2025 11:03:33 - FIORELA AVALOS: «ETA VARIABLE 22/03» );N;N;;;PEDIDO COMPRA;5;31-12-24;14;1;EPA;OLO1;1;draft;0;pending;1;1;1
1103337;211;MERINO INDUSTRIES LIMITED                                  ;71;Directo CR - FERRETERIA EPA, S.A.;76,017.02;USD;05-12-24;;2;MEDUVW873149;3;MEDU7047907;FOB  ;CIF  ;CIF  ;09-01-25;09-01-25;06-01-25;31-12-24;Y;-6;Y;15-01-25;15-01-25;15-01-25;0;04-03-25;01-04-25;01-04-25;28;4487;HARMONY (Dropship CR);168;Y;125;-- N/A --;6,873;03-03-25;Diciembre;;1,5;1000006;;1,0039E+13;76,017.02;1003/90002819/25              ;N;CIF Caldera / Indicar en observaciones flete por $1500 y seguro por $13;N;( 03/02/2025 02:02:09 - FIORELA AVALOS: «NUEVO ETA 07/03/2025» ) ( 28/02/2025 11:02:49 - FIORELA AVALOS: «NUEVO ETA 11/03/2025» ) ( 13/03/2025 01:03:52 - FIORELA AVALOS: «ETA VARIABLE 25/03» ) ( 20/03/2025 11:03:05 - FIORELA AVALOS: «ETA VARIABLE 31/03» ) ( 27/03/2025 01:03:10 - FIORELA AVALOS: «ETA VARIABLE 01/04» );N;N;;;PEDIDO COMPRA;3;;0;;EPA;OLO1;1;draft;0;pending;1;1;1
1103338;209;UJUETA TRADING CORPORATION (CHINA)                         ;76;Directo CR - FERRETERIA EPA, S.A.;4,236.8;USD;10-12-24;;2;HCAN00031909;3;CMAU0119360;FOB  ;FOB  ;FOB  ;26-02-25;27-02-25;15-02-25;15-02-25;Y;0;Y;24-03-25;24-03-25;24-03-25;0;21-05-25;19-06-25;19-06-25;29;4583;HARMONY (Dropship CR);91;Y;125;-- N/A --;6,953;24-04-25;C-002;;5,3;1000025;;53959;4,236.8;53959;N;OLO-EPA - EPA 4% / Aplica TLC / TO;Y;( 09/05/2025 09:05:00 - FIORELA AVALOS: «ETA VARIABLE 17/06» ) ( 19/05/2025 11:05:32 - FIORELA AVALOS: «ETA VARIABLE 22/06» ) ( 23/05/2025 09:05:18 - FIORELA AVALOS: «ETA VARIABLE 23/06» ) ( 10/06/2025 12:06:06 - FIORELA AVALOS: «ETA VARIABLE 20/06» ) ( 20/06/2025 11:06:58 - FIORELA AVALOS: «ETA VARIABLE 19/06» );N;N;;;PEDIDO COMPRA;5;17-02-25;14;0;EPA;OLO1;1;draft;0;pending;1;1;1
1103339;209;UJUETA TRADING CORPORATION (CHINA)                         ;76;ZF - OVERSEAS LOGISTICS OPERATIONS;95,328;USD;10-12-24;;2;HCAN00031961;3;CMAU0119360;FOB  ;;;26-02-25;27-02-25;15-02-25;15-02-25;Y;0;Y;24-03-25;24-03-25;24-03-25;0;21-05-25;19-06-25;19-06-25;29;4595;HARMONY (ZF);91;Y;125;12025061147;7,098;04-08-25;C-002;1,00003E+17;5,215.79;1000025;;53958;95,328.01;53958;N;OLO-EPA  - Harmony 96%;N;( 09/05/2025 09:05:24 - FIORELA AVALOS: «ETA VARIABLE 17/06» ) ( 19/05/2025 11:05:11 - FIORELA AVALOS: «ETA VARIABLE 22/06» ) ( 23/05/2025 09:05:57 - FIORELA AVALOS: «ETA VARIABLE 23/06» ) ( 10/06/2025 12:06:35 - FIORELA AVALOS: «ETA VARIABLE 20/06» ) ( 20/06/2025 11:06:12 - FIORELA AVALOS: «ETA VARIABLE 19/06» );N;N;;;PEDIDO COMPRA;5;17-02-25;14;0;EPA;OLO1;1;draft;0;pending;1;1;1
1103340;209;UJUETA TRADING CORPORATION (CHINA)                         ;76;Directo CR - FERRETERIA EPA, S.A.;78,161.952;USD;10-12-24;;2;HSHA00079759;3;TCLU4052525;FOB  ;FOB  ;FOB  ;27-02-25;27-02-25;15-02-25;10-03-25;Y;23;Y;17-03-25;17-03-25;18-03-25;1;26-05-25;16-05-25;16-05-25;-10;4581;HARMONY (Dropship CR);91;Y;125;-- N/A --;6,951;23-04-25;C-003;;5,4;1000025;;54024;78,161.95;54024;N;OLO-EPA - EPA 39% / Aplica TLC / TO;Y;( 22/04/2025 06:04:29 - MIGUEL SANDOVAL: «ETA 06-05» ) ( 02/05/2025 04:05:06 - FIORELA AVALOS: «ETA VARIABLE 13/05» ) ( 09/05/2025 09:05:59 - FIORELA AVALOS: «ETA VARIABLE 14/05» ) ( 19/05/2025 11:05:35 - FIORELA AVALOS: «ETA VARIABLE 16/05» );N;N;;;PEDIDO COMPRA;5;17-02-25;14;0;EPA;OLO1;1;draft;0;pending;1;1;1
1103341;209;UJUETA TRADING CORPORATION (CHINA)                         ;76;ZF - OVERSEAS LOGISTICS OPERATIONS;121,707.3728;USD;10-12-24;;2;HSHA00079965;3;TCLU4052525;FOB  ;;;27-02-25;27-02-25;15-02-25;10-03-25;Y;23;Y;17-03-25;17-03-25;18-03-25;1;26-05-25;16-05-25;16-05-25;-10;4594;HARMONY (ZF);91;Y;125;52025342815;6,998;02-06-25;C-004;1,00003E+17;3,374.95;1000025;;54025;121,707.37;54025;N;OLO-EPA - Harmony 61%;N;( 22/04/2025 06:04:44 - MIGUEL SANDOVAL: «ETA 06-05» ) ( 02/05/2025 04:05:22 - FIORELA AVALOS: «ETA VARIABLE 13/05» ) ( 09/05/2025 09:05:19 - FIORELA AVALOS: «ETA VARIABLE 14/05» ) ( 19/05/2025 11:05:06 - FIORELA AVALOS: «ETA VARIABLE 16/05» );N;N;;;PEDIDO COMPRA;5;17-02-25;14;0;EPA;OLO1;1;draft;0;pending;1;1;1
1103342;209;UJUETA TRADING CORPORATION (CHINA)                         ;76;Directo VE - FERRETERIA EPA, C.A.;49,476;USD;17-12-24;;2;SHPBL25004712;1;HASU1174235;FOB  ;CIF  ;FOB  ;25-02-25;25-02-25;15-02-25;20-03-25;Y;33;Y;02-04-25;03-04-25;03-04-25;1;19-05-25;18-06-25;17-06-25;29;4593;Harmony (Drop Ship EPA VE);91;Y;116;-- N/A --;6,966;07-05-25;C-005;IOLFT25-177;4,15;1000022;;54026;49,476;54026;N;TO;N;( 09/05/2025 09:05:53 - FIORELA AVALOS: «ETA VARIABLE 18/06» );N;N;;;PEDIDO COMPRA;1;17-02-25;15;1;EPA;OLO1;1;draft;0;pending;1;1;1
1103345;106;NINGBO BEDA  HOME DECORATION LTD;73;Directo CR - FERRETERIA EPA, S.A.;14,890.2;USD;10-12-24;;2;ASNGB500131;3;SEGU6477005;FOB  ;FOB  ;FOB  ;09-01-25;09-01-25;15-01-25;24-01-25;Y;9;Y;30-01-25;13-02-25;16-02-25;17;15-04-25;24-04-25;24-04-25;9;4463;HARMONY (Dropship CR);71;Y;133;-- N/A --;6,825;04-02-25;Additional Items;;6,775;1000001;;177489;14,890.2;177489;N;OLO-EPA  EPA 31% / TO;Y;( 25/02/2025 10:02:26 - MIGUEL SANDOVAL: «VALIDANDO ETA» ) ( 27/03/2025 01:03:54 - FIORELA AVALOS: «ETA VARIABLE 01/04» ) ( 28/03/2025 09:03:27 - MIGUEL SANDOVAL: «REVISANDO ETA CON FF URGENTE / ETA 07-06» ) ( 08/04/2025 01:04:13 - MIGUEL SANDOVAL: «Se ha modificado el puerto de arribo. De: no tener puerto a: MOÍN, COSTA RICA» ) ( 20/04/2025 11:04:49 - MIGUEL SANDOVAL: «ETA 24-04» );N;N;;;PEDIDO COMPRA;5;;14;0;EPA;OLO1;1;draft;0;pending;1;1;1
1103346;106;NINGBO BEDA  HOME DECORATION LTD;73;ZF - OVERSEAS LOGISTICS OPERATIONS;32,405.4;USD;10-12-24;;2;ASNGB500130;3;SEGU6477005;FOB  ;;;09-01-25;09-01-25;15-01-25;24-01-25;Y;9;Y;30-01-25;13-02-25;16-02-25;17;15-04-25;24-04-25;24-04-25;9;4507;HARMONY (ZF);71;Y;133;52025276224;6,968;08-05-25;Additional Items;SJOTS0005654;4,654.95;1000001;;177489-1;32,405.4;177489-1                      ;N;OLO-EPA -  Harmony 69%;N;( 27/03/2025 01:03:25 - FIORELA AVALOS: «ETA VARIABLE 01/04» ) ( 28/03/2025 09:03:39 - MIGUEL SANDOVAL: «REVISANDO ETA CON FF URGENTE / ETA 07-06» ) ( 08/04/2025 01:04:20 - MIGUEL SANDOVAL: «Se ha modificado el puerto de arribo. De: no tener puerto a: MOÍN, COSTA RICA» );N;N;;;PEDIDO COMPRA;5;;0;;EPA;OLO1;1;draft;0;pending;1;1;1
1103348;178;MATERIALES ELECTRICOS AGUILA DE LATINOAM                   ;72;Directo VE - FERRETERIA EPA, C.A.;44,613.81;USD;12-12-24;;2;EM03-0750-2025/00;3;MRSU6242646;EXW  ;EXW  ;FCA  ;05-03-25;05-03-25;27-12-24;26-12-24;Y;-1;Y;20-03-25;28-03-25;28-03-25;8;31-03-25;07-04-25;10-04-25;10;4545;Harmony (Drop Ship EPA VE);133;N;116;-- N/A --;6,917;25-03-25;PI 15147;IOLFT25-082;3,47;1000022;;1,00001E+17;44,613.81;765/773                       ;N;;N;( 10/03/2025 04:03:17 - FIORELA AVALOS: «ETA VARIABLE 10/03» ) ( 27/03/2025 01:03:57 - FIORELA AVALOS: «ETA VARIABLE 07/04» );Y;N;;;PEDIDO COMPRA;;;0;;EPA;OLO1;1;draft;0;pending;1;1;1
1103349;178;MATERIALES ELECTRICOS AGUILA DE LATINOAM                   ;72;Directo VE - FERRETERIA EPA, C.A.;52,801.88;USD;12-12-24;;2;EM02-0745-2025/00;3;TGBU6656497;EXW  ;EXW  ;FCA  ;13-02-25;13-03-25;27-12-24;27-12-24;Y;0;Y;28-02-25;28-02-25;28-02-25;0;10-03-25;10-03-25;09-03-25;-1;4514;Harmony (Drop Ship EPA VE);133;N;116;-- N/A --;6,88;10-03-25;PI 15148;IOLFT25-082;;1000022;;767;52,801.88;767;N;;N;( 10/03/2025 04:03:34 - FIORELA AVALOS: «ETA VARIABLE 10/03» );Y;N;;;PEDIDO COMPRA;;;0;;EPA;OLO1;1;draft;0;pending;1;1;1
1103354;209;UJUETA TRADING CORPORATION (CHINA)                         ;76;Directo VE - FEBECA C.A. ;62,7;USD;17-12-24;;2;SHPBL25004712;3;HASU1174235;FOB  ;CIF  ;FOB  ;25-02-25;25-02-25;15-02-25;20-03-25;Y;33;Y;02-04-25;03-04-25;03-04-25;1;19-05-25;18-06-25;17-06-25;29;4593;Harmony (Drop Ship FEBECA VE);91;Y;116;-- N/A --;6,967;07-05-25;C-006 (MODIFICADA);;;1000022;;54027;62,7;54027;N;;N;( 05/05/2025 01:05:10 - MIGUEL SANDOVAL: «ETA 26-05» ) ( 09/05/2025 09:05:14 - FIORELA AVALOS: «ETA VARIABLE 18/06» );N;N;;;PEDIDO COMPRA;1;17-02-25;0;;EPA;OLO1;1;draft;0;pending;1;1;1
1103355;198;GBR CORPORATION LTD.                                       ;76;Directo SV - FERRETERIA EPA, S.A. DE C.V.;48,457.08;USD;20-12-24;;2;ASNGB502673;3;CAIU9759200;FOB  ;FOB  ;EXW  ;01-04-25;03-04-25;21-03-25;06-04-25;Y;16;Y;20-04-25;27-04-25;20-04-25;0;06-06-25;07-07-25;06-07-25;30;4605;HARMONY (Dropship SV);71;Y;122;-- N/A --;6,974;16-05-25;EPASV-20241217;;4,425;1000001;;0001-222741;48,457.08;0001-222741                   ;N;TO;N;( 19/05/2025 11:05:14 - FIORELA AVALOS: «ETA VARIABLE 13/06» ) ( 23/05/2025 09:05:52 - FIORELA AVALOS: «ETA VARIABLE 16/06» ) ( 10/06/2025 12:06:38 - FIORELA AVALOS: «ETA VARIABLE 23/06» ) ( 20/06/2025 11:06:45 - FIORELA AVALOS: «ETA VARIABLE 24/06» ) ( 02/07/2025 08:07:39 - FIORELA AVALOS: «ETA VARIABLE 07/07» );N;N;;;PEDIDO COMPRA;5;18-03-25;14;0;EPA;OLO1;1;draft;0;pending;1;1;1
1103356;62;TECNIALAMBRE S.A.                                          ;77;Directo CR - FERRETERIA EPA, S.A.;26,64;USD;23-12-24;;2;EMFCL25040051;3;CMAU4849069;FOB  ;FOB  ;FOB  ;09-04-25;09-04-25;01-02-25;29-04-25;Y;87;Y;08-05-25;09-05-25;08-05-25;0;22-05-25;22-05-25;22-05-25;0;4590;HARMONY (Dropship CR);115;Y;133;-- N/A --;6,963;06-05-25;FACTURA PROFORMA 05-;;3,81;1000025;;FVE - 7266;26,64;FVE - 7266                    ;N;TO;Y;( 09/04/2025 11:04:30 - GENESIS ALONDRA BERMUDEZ FERNANDEZ: «Se ha modificado el puerto de embarque. De: no tener puerto a: BUENAVENTURA, COLOMBIA» ) ( 23/04/2025 07:04:46 - GENESIS ALONDRA BERMUDEZ FERNANDEZ: «Se ha modificado el puerto de embarque. De: no tener puerto a: CARTAGENA, COLOMBIA» ) ( 23/04/2025 07:04:46 - GENESIS ALONDRA BERMUDEZ FERNANDEZ: «Se ha modificado el puerto de arribo. De: no tener puerto a: MOÍN, COSTA RICA» ) ( 19/05/2025 11:05:34 - FIORELA AVALOS: «ETA VARIABLE 22/05» );N;N;;;PEDIDO COMPRA;5;13-03-25;7;0;EPA;OLO1;1;draft;0;pending;1;1;1
1103357;196;GRUPO XGP MOTOR SPORT S.R.L.                               ;73;ZF - OVERSEAS LOGISTICS OPERATIONS;8,685.72;USD;24-12-24;;2;ASNGB413345;21;HLBU9524451;FOB  ;;;01-01-25;01-01-25;30-12-24;31-12-24;Y;1;Y;05-01-25;05-01-25;05-01-25;0;21-02-25;07-03-25;08-03-25;15;4498;HARMONY (ZF);71;Y;125;52025281260;6,969;09-05-25;LCL SV y GT;SJOTS0005491;1,391.62;1000001;;132;8,685.72;132;N;TO;N;( 21/02/2025 11:02:01 - FIORELA AVALOS: «NUEVO ETA 21/03/2025» ) ( 27/02/2025 03:02:29 - FIORELA AVALOS: «ETA VARIABLE 07/03» );Y;N;;;PEDIDO COMPRA;;26-11-24;0;;EPA;OLO1;1;draft;0;pending;1;1;1